order_id,product_id,email_client,quantity,order_date,shipping_status
2,9,mcollingdon0@springer.com,24,2021-01-22,0
2,4,mcollingdon0@springer.com,38,2021-01-22,0
3,2,wlaible2@liveinternet.ru,19,2021-03-24,0
4,9,gnoen3@paginegialle.it,21,2021-04-10,0
5,9,skilliner4@abc.net.au,45,2021-02-16,0
6,7,pdomek5@merriam-webster.com,33,2021-01-01,0
7,9,dsimmens6@tripod.com,34,2021-04-19,0
8,5,glodemann7@homestead.com,3,2021-04-14,0
9,3,aoatley8@statcounter.com,30,2021-02-18,0
10,4,jcrane9@ovh.net,42,2021-03-01,0
11,7,ocleveleya@guardian.co.uk,46,2021-04-21,0
12,5,ydepaolib@e-recht24.de,34,2021-04-16,0
13,4,twinleyc@cbslocal.com,34,2021-02-17,0
14,6,rmcdouald@nationalgeographic.com,21,2021-01-05,0
15,6,mstotharte@bizjournals.com,49,2021-01-30,0
16,8,tjanouchf@xrea.com,37,2021-04-01,0
17,10,ebowheyg@nih.gov,25,2021-02-05,0
18,5,pbalffyeh@msu.edu,43,2021-02-20,0
19,7,ewesseli@trellian.com,1,2021-03-12,0
20,7,khixsonj@usatoday.com,45,2021-04-17,0
21,9,elattak@ehow.com,47,2021-03-12,0
22,7,jgraithl@bbc.co.uk,29,2021-02-28,0
23,9,jklosterm@ed.gov,44,2021-03-02,0
24,5,ebeebeen@ning.com,21,2021-01-05,0
25,7,rlamlino@usgs.gov,26,2021-01-20,0
26,4,npilgrimp@bloomberg.com,6,2021-03-08,0
27,7,mfilerq@wsj.com,11,2021-03-01,0
28,3,hwhaleyr@nydailynews.com,37,2021-04-04,0
29,6,ckitchingmans@economist.com,46,2021-03-02,0
30,6,dudyt@marriott.com,2,2021-03-27,0
31,9,agregeru@bluehost.com,10,2021-05-01,0
32,5,bsextonev@arizona.edu,46,2021-02-23,0
33,7,kgreevesonw@studiopress.com,38,2021-01-07,0
34,2,thenzleyx@latimes.com,12,2021-04-30,0
35,3,ytrottery@techcrunch.com,48,2021-03-02,0
36,9,kscroggesz@usa.gov,41,2021-05-01,0
37,6,ameaddowcroft10@spiegel.de,27,2021-04-11,0
38,10,jshapiro11@opera.com,48,2021-05-04,0
39,10,pelland12@chronoengine.com,12,2021-01-30,0
40,1,dmanilove13@oakley.com,12,2021-04-26,0
41,10,ebenzing14@dyndns.org,38,2021-04-08,0
42,9,drude15@buzzfeed.com,36,2021-04-28,0
43,1,gskiggs16@chicagotribune.com,39,2021-05-08,0
44,5,votimony17@imageshack.us,28,2021-04-20,0
45,4,gfalkinder18@slideshare.net,24,2021-01-06,0
46,9,proderigo19@discovery.com,37,2021-02-02,0
47,1,abullant1a@archive.org,30,2021-03-03,0
48,10,dmactrustrie1b@delicious.com,38,2021-05-04,0
49,7,hprimarolo1c@wsj.com,42,2021-05-08,0
50,1,nsimms1d@storify.com,28,2021-05-02,0
51,1,kwheatland1e@wikispaces.com,34,2021-02-15,0
52,10,sbierman1f@cbslocal.com,22,2021-02-05,0
53,3,gjoules1g@jigsy.com,16,2021-02-22,0
54,7,klermit1h@yahoo.com,31,2021-04-09,0
55,2,kgisby1i@theatlantic.com,5,2021-03-31,0
56,10,fduckering1j@weather.com,49,2021-03-30,0
57,1,jskaife1k@ted.com,33,2021-03-23,0
58,1,nnafzger1l@fema.gov,28,2021-03-03,0
59,6,jherion1m@bbb.org,47,2021-04-03,0
60,10,fpikesley1n@google.com.br,22,2021-03-01,0
61,9,rwoodes1o@epa.gov,1,2021-03-12,0
62,7,mscrowby1p@china.com.cn,37,2021-03-11,0
63,1,atillman1q@pen.io,31,2021-04-14,0
64,10,nlewty1r@mapy.cz,21,2021-01-30,0
65,1,cgerhardt1s@over-blog.com,44,2021-03-11,0
66,3,copfer1t@phoca.cz,9,2021-05-09,0
67,4,mvaines1u@hp.com,25,2021-03-17,0
68,5,gdantesia1v@eventbrite.com,10,2021-02-25,0
69,4,gortell1w@stanford.edu,29,2021-01-21,0
70,10,mgambell1x@infoseek.co.jp,23,2021-03-31,0
71,10,sgareisr1y@oracle.com,11,2021-02-14,0
72,1,jgrimme1z@usgs.gov,5,2021-03-14,0
73,8,mfennelly20@fema.gov,10,2021-04-23,0
74,3,stopham21@chronoengine.com,28,2021-04-14,0
75,7,cedgeler22@acquirethisname.com,38,2021-04-02,0
76,2,byuryshev23@goo.gl,21,2021-04-20,0
77,3,zreinbech24@diigo.com,32,2021-03-25,0
78,10,fpincott25@nsw.gov.au,44,2021-04-30,0
79,8,sdurn26@sbwire.com,21,2021-04-17,0
80,9,ktrinkwon27@mail.ru,23,2021-01-24,0
81,3,wgilpillan28@wikia.com,22,2021-01-24,0
82,2,hpotier29@istockphoto.com,1,2021-03-09,0
83,3,rreihill2a@plala.or.jp,35,2021-03-01,0
84,6,amcinnes2b@behance.net,38,2021-01-09,0
85,2,ykinforth2c@va.gov,27,2021-02-24,0
86,6,ctungate2d@uol.com.br,34,2021-03-09,0
87,6,kantonsen2e@state.tx.us,14,2021-04-01,0
88,1,bbellini2f@macromedia.com,22,2021-01-06,0
89,9,phinkins2g@amazonaws.com,20,2021-01-09,0
90,9,kdorsey2h@artisteer.com,6,2021-01-10,0
91,5,ssnellman2i@1688.com,39,2021-01-15,0
92,2,opughe2j@yolasite.com,14,2021-02-01,0
93,9,cwoolforde2k@engadget.com,22,2021-03-25,0
94,5,hpaullin2l@geocities.com,31,2021-02-05,0
95,5,jhethron2m@taobao.com,15,2021-03-07,0
96,1,aberkelay2n@psu.edu,30,2021-04-12,0
97,4,elewisham2o@home.pl,11,2021-04-23,0
98,10,aflemming2p@diigo.com,9,2021-02-12,0
99,7,fnewrick2q@purevolume.com,11,2021-03-22,0
100,1,lhrus2r@istockphoto.com,45,2021-02-22,0
101,5,lgouny2s@github.io,18,2021-04-11,0
102,9,biuorio2t@chicagotribune.com,47,2021-02-14,0
103,4,aodonovan2u@ox.ac.uk,21,2021-03-21,0
104,3,hohannay2v@biblegateway.com,4,2021-04-13,0
105,5,ptalton2w@barnesandnoble.com,41,2021-04-16,0
106,1,mgherarducci2x@forbes.com,38,2021-01-18,0
107,5,apietraszek2y@zdnet.com,28,2021-03-08,0
108,1,flaight2z@goodreads.com,36,2021-03-27,0
109,9,dwildber30@linkedin.com,46,2021-03-27,0
110,9,vchavez31@phpbb.com,34,2021-03-15,0
111,9,cleggett32@dmoz.org,46,2021-01-25,0
112,7,kcroal33@alibaba.com,35,2021-01-09,0
113,4,dcotmore34@hibu.com,39,2021-03-08,0
114,6,astandell35@stumbleupon.com,41,2021-01-28,0
115,6,ahurnell36@eepurl.com,24,2021-02-14,0
116,6,kwoodberry37@issuu.com,39,2021-03-04,0
117,9,zandrolli38@tripadvisor.com,5,2021-02-05,0
118,8,kmateus39@ucla.edu,22,2021-01-29,0
119,7,rteeney3a@newsvine.com,26,2021-01-14,0
120,3,shannigane3b@ask.com,29,2021-05-07,0
121,1,gashment3c@naver.com,11,2021-02-07,0
122,7,pbeaglehole3d@webs.com,22,2021-01-14,0
123,2,lfilippozzi3e@domainmarket.com,38,2021-02-11,0
124,8,gklassman3f@time.com,44,2021-04-22,0
125,10,csaint3g@nymag.com,6,2021-04-23,0
126,3,lhabbergham3h@europa.eu,26,2021-03-24,0
127,8,fsmithe3i@github.com,44,2021-04-17,0
128,8,mlamdin3j@jigsy.com,12,2021-02-27,0
129,10,kboig3k@bbc.co.uk,8,2021-02-16,0
130,6,cfenge3l@google.com,33,2021-03-27,0
131,2,jcroucher3m@ehow.com,28,2021-03-31,0
132,5,mpoletto3n@shop-pro.jp,6,2021-01-09,0
133,3,smattiato3o@yellowpages.com,42,2021-04-14,0
134,3,escantleberry3p@posterous.com,14,2021-02-23,0
135,6,ldoumer3q@vkontakte.ru,38,2021-03-30,0
136,10,mducket3r@nymag.com,43,2021-03-05,0
137,5,cloughrey3s@cdc.gov,27,2021-01-24,0
138,10,epenwarden3t@addtoany.com,4,2021-03-11,0
139,1,sfennessy3u@xinhuanet.com,5,2021-03-10,0
140,2,vwrixon3v@baidu.com,23,2021-05-06,0
141,5,shopkins3w@istockphoto.com,39,2021-03-05,0
142,3,gphilson3x@geocities.com,41,2021-04-25,0
143,2,mgurnay3y@cbslocal.com,10,2021-04-07,0
144,1,clamblin3z@ucla.edu,31,2021-02-23,0
145,2,cdarinton40@nifty.com,26,2021-04-07,0
146,10,bbooker41@usgs.gov,34,2021-01-13,0
147,9,owynn42@fotki.com,49,2021-01-14,0
148,2,aearp43@angelfire.com,17,2021-03-13,0
149,8,apidler44@wordpress.com,23,2021-03-14,0
150,4,hjenken45@icq.com,29,2021-04-12,0
151,7,adightham46@amazonaws.com,6,2021-05-06,0
152,7,fhubble47@yellowpages.com,39,2021-03-12,0
153,9,dtwentyman48@tripod.com,22,2021-02-17,0
154,8,ustaubyn49@virginia.edu,20,2021-02-06,0
155,2,jsevior4a@icio.us,6,2021-02-18,0
156,3,dseathwright4b@telegraph.co.uk,10,2021-01-27,0
157,10,mboeck4c@i2i.jp,22,2021-02-24,0
158,1,xboniface4d@gravatar.com,8,2021-05-10,0
159,9,taysik4e@psu.edu,3,2021-03-26,0
160,7,yfarthin4f@topsy.com,42,2021-02-02,0
161,9,mjedrzejczak4g@oracle.com,30,2021-04-15,0
162,10,fcallaghan4h@sogou.com,25,2021-03-01,0
163,4,gszapiro4i@mozilla.com,32,2021-03-20,0
164,3,nagate4j@cyberchimps.com,5,2021-01-18,0
165,8,fmcguinley4k@issuu.com,46,2021-04-20,0
166,2,respin4l@youtube.com,26,2021-04-18,0
167,7,mparvin4m@japanpost.jp,49,2021-05-03,0
168,3,fbogays4n@boston.com,6,2021-03-08,0
169,9,gesposi4o@digg.com,16,2021-03-28,0
170,6,jbordone4p@google.cn,7,2021-01-10,0
171,1,nivery4q@wikispaces.com,31,2021-01-06,0
172,2,ahellewell4r@apple.com,28,2021-03-22,0
173,9,blehenmann4s@ebay.co.uk,35,2021-04-21,0
174,7,dcastellani4t@slideshare.net,22,2021-03-10,0
175,6,jjenyns4u@yellowpages.com,1,2021-05-10,0
176,2,nkinloch4v@howstuffworks.com,26,2021-02-26,0
177,6,tishak4w@prlog.org,16,2021-02-26,0
178,8,sevensden4x@ed.gov,43,2021-02-27,0
179,5,hhuntriss4y@samsung.com,34,2021-02-17,0
180,7,kmansell4z@aboutads.info,10,2021-03-21,0
181,1,ffuente50@51.la,21,2021-04-17,0
182,9,favis51@state.gov,27,2021-02-20,0
183,10,ckupisz52@princeton.edu,16,2021-02-13,0
184,6,dbeever53@miibeian.gov.cn,21,2021-02-02,0
185,10,kolifaunt54@newyorker.com,48,2021-01-19,0
186,9,rmatthews55@discovery.com,38,2021-03-18,0
187,5,okenningley56@artisteer.com,5,2021-01-25,0
188,6,ameadley57@craigslist.org,13,2021-01-12,0
189,10,ublenkensop58@goo.gl,17,2021-01-22,0
190,5,sbearblock59@hugedomains.com,13,2021-03-25,0
191,3,sgreenhill5a@homestead.com,26,2021-03-05,0
192,4,rszantho5b@nba.com,31,2021-01-21,0
193,4,gmallinder5c@linkedin.com,47,2021-03-28,0
194,3,gstretton5d@csmonitor.com,45,2021-02-18,0
195,8,mitzakson5e@furl.net,36,2021-01-16,0
196,6,lcrommett5f@google.nl,17,2021-03-27,0
197,5,gsivyour5g@sciencedirect.com,1,2021-01-22,0
198,8,rjoret5h@opera.com,41,2021-03-26,0
199,7,cborland5i@wikispaces.com,17,2021-03-12,0
200,6,igarham5j@fda.gov,2,2021-03-15,0
201,9,jgudeman5k@howstuffworks.com,10,2021-01-01,0
202,4,swinteringham5l@sina.com.cn,11,2021-04-10,0
203,4,lriccioppo5m@unicef.org,3,2021-03-29,0
204,4,fbunton5n@lycos.com,20,2021-04-28,0
205,1,ddurand5o@xing.com,44,2021-02-13,0
206,10,emallebone5p@mapquest.com,30,2021-03-22,0
207,8,agiannazzo5q@g.co,10,2021-02-02,0
208,5,mbrunet5r@icio.us,35,2021-02-25,0
209,6,hkingsnoad5s@upenn.edu,6,2021-02-12,0
210,4,gpenrose5t@constantcontact.com,45,2021-04-10,0
211,9,jgretton5u@ucoz.com,5,2021-01-12,0
212,3,jtommasi5v@opensource.org,48,2021-01-30,0
213,6,gstuchburie5w@trellian.com,31,2021-02-15,0
214,9,fiacofo5x@china.com.cn,14,2021-04-03,0
215,9,cbroke5y@uiuc.edu,18,2021-03-20,0
216,10,malesin5z@ibm.com,11,2021-03-20,0
217,3,tbouette60@si.edu,30,2021-04-05,0
218,6,estyan61@google.es,11,2021-01-13,0
219,7,gpeppett62@delicious.com,12,2021-01-16,0
220,8,cvanacci63@hao123.com,5,2021-04-28,0
221,1,lkenway64@narod.ru,19,2021-03-15,0
222,5,kbalser65@desdev.cn,37,2021-03-07,0
223,6,cconnah66@linkedin.com,32,2021-03-15,0
224,10,mbloxland67@sbwire.com,42,2021-02-13,0
225,4,coswell68@paypal.com,16,2021-03-07,0
226,1,cpechacek69@dmoz.org,48,2021-05-07,0
227,7,pshowt6a@ehow.com,31,2021-01-04,0
228,3,slunck6b@chron.com,17,2021-04-23,0
229,5,lroj6c@histats.com,8,2021-01-12,0
230,10,cjamblin6d@nba.com,10,2021-02-16,0
231,7,sbloschke6e@tripod.com,42,2021-04-03,0
232,5,kabramamov6f@qq.com,40,2021-04-21,0
233,9,akershaw6g@surveymonkey.com,5,2021-03-31,0
234,6,hbarkly6h@goo.ne.jp,14,2021-04-07,0
235,10,hlattimore6i@blogspot.com,48,2021-02-14,0
236,2,uniesel6j@mit.edu,19,2021-03-03,0
237,1,pfurmenger6k@alexa.com,41,2021-01-07,0
238,7,pkolin6l@springer.com,46,2021-03-10,0
239,5,rzavattiero6m@biglobe.ne.jp,24,2021-04-18,0
240,6,glazenbury6n@weibo.com,7,2021-02-10,0
241,8,vmangenet6o@auda.org.au,3,2021-03-17,0
242,8,tderks6p@360.cn,42,2021-03-25,0
243,7,obelchambers6q@blinklist.com,49,2021-04-19,0
244,4,rbordis6r@upenn.edu,26,2021-04-18,0
245,2,dcorkell6s@bizjournals.com,20,2021-03-24,0
246,1,bnipper6t@amazonaws.com,1,2021-03-27,0
247,6,kwallicker6u@github.io,13,2021-03-17,0
248,2,ncosti6v@unc.edu,25,2021-01-11,0
249,8,klowthian6w@simplemachines.org,33,2021-01-26,0
250,10,epalomba6x@cisco.com,44,2021-02-11,0
251,8,sferne6y@facebook.com,11,2021-03-07,0
252,5,dderisley6z@surveymonkey.com,10,2021-01-18,0
253,7,bdrummond70@ameblo.jp,49,2021-02-11,0
254,8,bsyson71@goo.gl,9,2021-03-27,0
255,10,tbarizeret72@dyndns.org,37,2021-05-02,0
256,5,ldewes73@google.co.uk,1,2021-01-07,0
257,9,bfrears74@hibu.com,4,2021-04-25,0
258,10,bskentelbery75@msn.com,39,2021-04-22,0
259,5,lcauston76@zimbio.com,40,2021-04-05,0
260,6,mgummoe77@sfgate.com,28,2021-04-09,0
261,3,btollady78@webmd.com,46,2021-02-04,0
262,3,boggers79@wp.com,40,2021-03-07,0
263,8,jcradick7a@economist.com,9,2021-05-07,0
264,10,rskule7b@ovh.net,40,2021-03-10,0
265,8,abirdwistle7c@slate.com,40,2021-03-19,0
266,3,emussettini7d@indiegogo.com,14,2021-04-11,0
267,8,gcroyser7e@ifeng.com,12,2021-03-23,0
268,5,jast7f@canalblog.com,45,2021-04-26,0
269,6,radshed7g@ucla.edu,33,2021-03-17,0
270,5,ijordanson7h@berkeley.edu,7,2021-02-18,0
271,9,tprettyjohn7i@cbsnews.com,39,2021-03-05,0
272,1,mjahn7j@php.net,38,2021-01-27,0
273,9,lmagnus7k@state.gov,33,2021-03-14,0
274,3,nvanichkov7l@arstechnica.com,44,2021-04-25,0
275,9,hkobierski7m@last.fm,47,2021-02-17,0
276,8,esacaze7n@slate.com,8,2021-03-08,0
277,9,nbrammall7o@instagram.com,47,2021-02-20,0
278,1,ecawker7p@merriam-webster.com,20,2021-04-03,0
279,5,mswetmore7q@bloglovin.com,38,2021-03-11,0
280,2,mattenborrow7r@bbc.co.uk,18,2021-02-19,0
281,8,wharhoff7s@indiegogo.com,15,2021-02-10,0
282,6,dvitte7t@about.com,6,2021-04-18,0
283,7,dronaghan7u@eepurl.com,46,2021-02-04,0
284,9,syeowell7v@woothemes.com,8,2021-03-17,0
285,4,rdebrick7w@cmu.edu,18,2021-01-22,0
286,3,sbohlje7x@surveymonkey.com,37,2021-04-15,0
287,2,dbiss7y@homestead.com,10,2021-03-18,0
288,10,ebaudone7z@go.com,7,2021-02-09,0
289,10,jlegat80@gnu.org,32,2021-04-12,0
290,1,aleteve81@guardian.co.uk,22,2021-04-07,0
291,7,gsukbhans82@liveinternet.ru,11,2021-01-24,0
292,6,rgarlinge83@scribd.com,41,2021-01-08,0
293,2,vdennitts84@washingtonpost.com,11,2021-02-14,0
294,1,scloughton85@senate.gov,23,2021-03-06,0
295,5,rminchin86@ftc.gov,7,2021-01-04,0
296,10,atelford87@google.pl,17,2021-01-06,0
297,3,spedlar88@nps.gov,41,2021-01-10,0
298,6,kweedon89@un.org,49,2021-01-31,0
299,10,pmassingham8a@forbes.com,15,2021-01-14,0
300,9,amcgettrick8b@vimeo.com,4,2021-01-30,0
301,10,rhartwright8c@nih.gov,1,2021-04-14,0
302,5,lkarran8d@facebook.com,25,2021-02-03,0
303,8,rmitchely8e@marketwatch.com,26,2021-02-12,0
304,6,lbonaire8f@so-net.ne.jp,32,2021-04-21,0
305,6,rnaylor8g@yolasite.com,38,2021-03-11,0
306,8,pboyland8h@foxnews.com,32,2021-04-08,0
307,10,tfullalove8i@netlog.com,23,2021-01-13,0
308,3,rjee8j@bandcamp.com,41,2021-03-14,0
309,10,agallimore8k@google.ru,16,2021-04-12,0
310,5,jwevell8l@google.com.au,22,2021-04-04,0
311,5,akayser8m@4shared.com,18,2021-03-15,0
312,9,joppery8n@yahoo.com,32,2021-04-13,0
313,7,phalbert8o@nifty.com,39,2021-01-05,0
314,5,mhallows8p@scientificamerican.com,1,2021-03-14,0
315,1,dtupie8q@dailymail.co.uk,26,2021-04-02,0
316,9,horange8r@ibm.com,47,2021-03-12,0
317,3,asmeath8s@cloudflare.com,20,2021-04-24,0
318,2,eolland8t@baidu.com,33,2021-01-28,0
319,3,ueivers8u@abc.net.au,14,2021-02-06,0
320,10,jwogan8v@diigo.com,23,2021-02-07,0
321,7,jgoldfinch8w@dailymail.co.uk,32,2021-02-27,0
322,2,ssouza8x@yolasite.com,40,2021-05-09,0
323,8,nimlock8y@fastcompany.com,16,2021-02-17,0
324,3,pcarthew8z@un.org,41,2021-04-17,0
325,6,amcturley90@de.vu,25,2021-05-06,0
326,5,mmatson91@angelfire.com,15,2021-01-06,0
327,2,ooverall92@berkeley.edu,1,2021-03-25,0
328,10,hclem93@digg.com,7,2021-04-09,0
329,2,gkainz94@live.com,34,2021-05-08,0
330,4,bcrambie95@google.it,26,2021-04-23,0
331,3,aosinin96@goo.ne.jp,41,2021-01-13,0
332,10,cwishkar97@rambler.ru,48,2021-02-09,0
333,5,dshernock98@soup.io,30,2021-03-10,0
334,8,mkindred99@barnesandnoble.com,13,2021-04-04,0
335,10,lbrazil9a@ning.com,24,2021-01-05,0
336,1,lgoldsbury9b@csmonitor.com,40,2021-03-14,0
337,2,dseignior9c@economist.com,5,2021-05-01,0
338,10,cshapira9d@histats.com,22,2021-04-20,0
339,2,bgiottoi9e@free.fr,7,2021-01-19,0
340,1,smcconachie9f@scientificamerican.com,18,2021-01-15,0
341,2,ebromont9g@usnews.com,49,2021-05-05,0
342,1,mbourne9h@loc.gov,26,2021-02-25,0
343,7,kgyurko9i@census.gov,23,2021-04-18,0
344,2,sradwell9j@pinterest.com,26,2021-03-18,0
345,6,bstegell9k@newsvine.com,8,2021-04-18,0
346,9,abunson9l@wikimedia.org,25,2021-01-24,0
347,1,dwinterton9m@yale.edu,1,2021-01-24,0
348,4,pmoizer9n@list-manage.com,42,2021-02-16,0
349,5,jscholig9o@xrea.com,30,2021-01-04,0
350,10,adaysh9p@nih.gov,7,2021-05-06,0
351,9,csill9q@google.fr,32,2021-03-19,0
352,3,hzebedee9r@economist.com,19,2021-04-19,0
353,7,sfolli9s@psu.edu,42,2021-04-20,0
354,3,mheppner9t@imageshack.us,15,2021-02-10,0
355,4,swishkar9u@networkadvertising.org,14,2021-05-04,0
356,9,lbeauly9v@photobucket.com,11,2021-01-02,0
357,6,bsmallcombe9w@posterous.com,13,2021-04-20,0
358,10,sclaughton9x@ebay.com,26,2021-03-30,0
359,7,kdewett9y@uol.com.br,47,2021-02-08,0
360,9,astocken9z@google.fr,7,2021-01-14,0
361,6,ahamelyna0@ehow.com,26,2021-01-10,0
362,5,moggersa1@angelfire.com,21,2021-03-18,0
363,4,nslossa2@nydailynews.com,42,2021-03-13,0
364,1,fcawstona3@123-reg.co.uk,46,2021-02-22,0
365,6,clapthorna4@reuters.com,1,2021-03-22,0
366,7,mpenningtona5@godaddy.com,36,2021-02-02,0
367,10,cleythleya6@instagram.com,25,2021-04-05,0
368,4,lodornana7@meetup.com,19,2021-01-26,0
369,3,kfraila8@exblog.jp,45,2021-01-27,0
370,2,domearaa9@washingtonpost.com,26,2021-03-23,0
371,6,cbatalleaa@free.fr,1,2021-02-23,0
372,1,ejoaoab@statcounter.com,46,2021-01-06,0
373,1,dhimsworthac@ovh.net,34,2021-01-04,0
374,5,wgowthropad@unblog.fr,37,2021-04-18,0
375,10,dpiolliae@w3.org,3,2021-04-24,0
376,8,cgandyaf@google.de,28,2021-05-08,0
377,4,bpaulotag@behance.net,47,2021-01-12,0
378,10,hbelliah@rambler.ru,2,2021-04-16,0
379,5,dwhitmanai@ft.com,2,2021-03-07,0
380,8,nguilderaj@wsj.com,21,2021-03-09,0
381,7,elewsamak@comcast.net,12,2021-04-17,0
382,3,bshearstoneal@digg.com,13,2021-03-29,0
383,7,bcharlickam@hugedomains.com,40,2021-01-16,0
384,8,sroderan@devhub.com,2,2021-02-15,0
385,7,pellicottao@cbslocal.com,5,2021-04-11,0
386,7,kkeoghaneap@rediff.com,6,2021-04-14,0
387,10,ddickieaq@behance.net,19,2021-01-16,0
388,7,acammackar@yellowpages.com,12,2021-04-24,0
389,2,sdeinhardas@dedecms.com,20,2021-02-26,0
390,9,sshackellat@scientificamerican.com,48,2021-01-31,0
391,6,gandrysiakau@opensource.org,24,2021-04-04,0
392,1,omourbeyav@com.com,22,2021-04-18,0
393,7,bdennistounaw@ebay.com,25,2021-03-31,0
394,4,tpoundax@altervista.org,39,2021-04-22,0
395,10,btucknottay@gravatar.com,37,2021-04-26,0
396,2,ejaineaz@google.cn,45,2021-01-28,0
397,5,pfillgateb0@pbs.org,42,2021-02-20,0
398,9,pyallopb1@lycos.com,17,2021-04-02,0
399,3,espowageb2@techcrunch.com,24,2021-04-11,0
400,10,theedb3@altervista.org,26,2021-03-10,0
401,1,dsiehardb4@elpais.com,45,2021-03-26,0
402,1,dgittusb5@narod.ru,15,2021-01-15,0
403,1,gsnowmanb6@printfriendly.com,22,2021-01-04,0
404,5,esisleyb7@ezinearticles.com,36,2021-01-14,0
405,5,hbolzenb8@fastcompany.com,3,2021-02-24,0
406,2,bmingetb9@opensource.org,45,2021-01-30,0
407,10,dattyba@vinaora.com,44,2021-05-09,0
408,7,jseggesbb@cargocollective.com,27,2021-04-25,0
409,2,bdurransbc@parallels.com,8,2021-03-04,0
410,2,tpopeleybd@boston.com,18,2021-02-26,0
411,1,mguillebe@google.cn,13,2021-02-07,0
412,2,bsentbf@google.ru,32,2021-02-16,0
413,10,kburkinbg@bandcamp.com,17,2021-03-31,0
414,2,timlochbh@loc.gov,21,2021-02-13,0
415,9,bcapellbi@4shared.com,42,2021-03-04,0
416,7,aarchiboldbj@nytimes.com,27,2021-01-05,0
417,8,fsewleybk@people.com.cn,8,2021-05-05,0
418,3,pfrailbl@gravatar.com,13,2021-05-03,0
419,8,wduetschensbm@miibeian.gov.cn,10,2021-03-06,0
420,4,dhiddsleybn@netscape.com,29,2021-03-18,0
421,3,tjoretbo@go.com,43,2021-03-15,0
422,6,derrolbp@cloudflare.com,47,2021-05-02,0
423,7,talldredbq@cmu.edu,48,2021-01-17,0
424,8,jshermanbr@google.ru,13,2021-01-19,0
425,10,frivalantbs@acquirethisname.com,20,2021-04-06,0
426,2,bbibbybt@51.la,9,2021-03-25,0
427,7,jgorvettebu@github.com,32,2021-05-08,0
428,7,zhawketbv@histats.com,25,2021-01-08,0
429,7,rmacvainbw@weebly.com,25,2021-03-09,0
430,7,eedelbx@friendfeed.com,48,2021-03-22,0
431,3,kstormouthby@google.ru,16,2021-04-23,0
432,10,crainfordbz@stumbleupon.com,38,2021-01-07,0
433,5,esimcoec0@go.com,37,2021-01-06,0
434,4,gpendrec1@cafepress.com,17,2021-03-18,0
435,4,wmarcroftc2@omniture.com,12,2021-04-09,0
436,10,kenrdigoc3@epa.gov,33,2021-04-25,0
437,3,wrunacresc4@kickstarter.com,13,2021-01-04,0
438,10,djanksc5@ycombinator.com,1,2021-02-25,0
439,10,dlawc6@mlb.com,13,2021-03-02,0
440,10,tpetracekc7@ustream.tv,13,2021-04-24,0
441,3,mpenrittc8@behance.net,16,2021-02-03,0
442,5,aropkinsc9@ask.com,18,2021-04-08,0
443,9,ibachshellca@oakley.com,7,2021-01-12,0
444,2,cpimmecb@apache.org,14,2021-02-23,0
445,7,bmcskeagancc@uol.com.br,29,2021-03-06,0
446,1,evausecd@kickstarter.com,9,2021-01-07,0
447,4,jdeniskece@java.com,40,2021-01-21,0
448,5,lmcandrewcf@virginia.edu,16,2021-01-30,0
449,6,rzanetellocg@hao123.com,12,2021-01-14,0
450,10,cfranssenich@shinystat.com,34,2021-02-15,0
451,3,fyouthedci@gnu.org,18,2021-04-12,0
452,9,dgarbuttcj@ustream.tv,33,2021-03-13,0
453,4,rmildnerck@storify.com,24,2021-01-06,0
454,2,mantonichcl@nps.gov,22,2021-03-24,0
455,10,brosetcm@hostgator.com,10,2021-02-11,0
456,2,qbrafertoncn@google.co.uk,14,2021-03-03,0
457,8,dmcmickanco@indiegogo.com,43,2021-01-24,0
458,3,egeldartcp@joomla.org,39,2021-02-16,0
459,4,eingecq@howstuffworks.com,41,2021-05-09,0
460,6,vkoubekcr@nsw.gov.au,21,2021-03-29,0
461,4,acryercs@ebay.com,41,2021-04-04,0
462,6,oarmsbyct@fc2.com,37,2021-05-02,0
463,4,bmagorcu@eventbrite.com,29,2021-02-17,0
464,8,dcecerecv@slate.com,20,2021-01-18,0
465,7,wgerataschcw@cpanel.net,38,2021-03-09,0
466,1,gstarkingcx@joomla.org,25,2021-02-26,0
467,3,tflatmancy@about.com,45,2021-04-13,0
468,6,blantcz@goodreads.com,19,2021-03-02,0
469,10,shaslochd0@comcast.net,18,2021-02-19,0
470,8,tperfittd1@goo.ne.jp,13,2021-02-11,0
471,6,rscurfieldd2@blogs.com,8,2021-05-07,0
472,2,kaglioned3@gnu.org,39,2021-01-04,0
473,9,slangand4@mac.com,7,2021-04-18,0
474,10,wedgecumbed5@liveinternet.ru,44,2021-04-20,0
475,8,jcatonned6@icq.com,34,2021-02-01,0
476,4,hedowesd7@alexa.com,26,2021-03-01,0
477,1,aanstyd8@sakura.ne.jp,7,2021-04-18,0
478,10,ohutchasond9@furl.net,8,2021-03-09,0
479,3,vkairnsda@spiegel.de,29,2021-03-22,0
480,1,avasilischevdb@boston.com,6,2021-03-21,0
481,7,qstoneleydc@google.es,36,2021-01-30,0
482,9,jtowarddd@cisco.com,6,2021-04-08,0
483,7,dorrellde@mozilla.org,15,2021-04-25,0
484,6,adunndf@storify.com,43,2021-03-18,0
485,5,abodkerdg@meetup.com,6,2021-03-14,0
486,10,kvaendh@people.com.cn,21,2021-03-11,0
487,10,vriattdi@hostgator.com,16,2021-03-15,0
488,1,mandrellidj@meetup.com,31,2021-01-26,0
489,10,odonandk@epa.gov,2,2021-02-13,0
490,2,aleverentzdl@blogs.com,3,2021-02-07,0
491,2,cdoggerelldm@mapquest.com,27,2021-03-01,0
492,10,nmiddleditchdn@wiley.com,1,2021-01-30,0
493,9,cfookesdo@vinaora.com,26,2021-01-10,0
494,4,hmatuladp@istockphoto.com,4,2021-04-24,0
495,5,eferdq@salon.com,23,2021-04-19,0
496,1,kclaricoatesdr@scientificamerican.com,36,2021-03-03,0
497,5,mstormontds@shutterfly.com,13,2021-03-03,0
498,6,jablottdt@weebly.com,37,2021-02-11,0
499,2,hstarsmoredu@icq.com,28,2021-02-26,0
500,6,rdarrigodv@state.gov,27,2021-04-15,0
501,6,tsimonettidw@freewebs.com,32,2021-05-04,0
502,4,pmattinglydx@imdb.com,40,2021-03-09,0
503,2,aprinnettdy@dailymotion.com,34,2021-04-08,0
504,7,lcastellandz@marketwatch.com,6,2021-05-09,0
505,3,epedlere0@google.it,41,2021-03-10,0
506,9,shorsfielde1@dot.gov,5,2021-01-30,0
507,10,rskonese2@creativecommons.org,17,2021-02-08,0
508,6,avearte3@weebly.com,19,2021-04-27,0
509,3,gskipe4@google.com.hk,43,2021-02-03,0
510,7,aabramowe5@phoca.cz,36,2021-04-26,0
511,2,cliddalle6@mit.edu,17,2021-01-25,0
512,1,calsinae7@studiopress.com,5,2021-01-25,0
513,7,dleatte8@ning.com,11,2021-03-06,0
514,1,spoldene9@kickstarter.com,3,2021-02-10,0
515,8,snewellea@technorati.com,33,2021-01-20,0
516,10,jbeckinsalleb@springer.com,33,2021-01-08,0
517,8,aheinsiusec@php.net,11,2021-02-05,0
518,6,skesbyed@thetimes.co.uk,10,2021-05-10,0
519,8,btemplemanee@histats.com,45,2021-03-02,0
520,7,gkliemchenef@t.co,8,2021-01-11,0
521,2,bmarretteg@earthlink.net,6,2021-03-05,0
522,10,aandreeh@nhs.uk,15,2021-02-26,0
523,1,pdanilchikei@soup.io,36,2021-01-17,0
524,8,bpesicej@cafepress.com,4,2021-01-22,0
525,10,abelchemek@exblog.jp,44,2021-04-04,0
526,6,twantel@tripadvisor.com,11,2021-04-03,0
527,5,kfreibergem@free.fr,6,2021-02-22,0
528,10,dbirdfielden@abc.net.au,39,2021-01-10,0
529,7,tthorlbyeo@nba.com,41,2021-03-15,0
530,4,mkemstonep@deliciousdays.com,14,2021-01-23,0
531,1,wbraunleeq@nydailynews.com,44,2021-02-11,0
532,3,dmaplesdener@discovery.com,44,2021-03-05,0
533,4,msammutes@ihg.com,6,2021-03-15,0
534,4,apepperet@wufoo.com,13,2021-03-29,0
535,6,dstoltzeu@alexa.com,39,2021-02-20,0
536,8,gsonscheinev@hostgator.com,14,2021-04-05,0
537,1,bjosephovew@foxnews.com,14,2021-02-13,0
538,8,zhugonnetex@google.ca,24,2021-01-31,0
539,3,ggaskilley@com.com,11,2021-05-04,0
540,5,rtweedeez@symantec.com,39,2021-01-30,0
541,4,bblaskettf0@youtu.be,37,2021-05-02,0
542,9,dbimf1@jimdo.com,33,2021-04-15,0
543,3,bgromleyf2@slate.com,18,2021-03-14,0
544,6,mgillfordf3@blogger.com,46,2021-04-23,0
545,5,oleathamf4@baidu.com,8,2021-02-06,0
546,6,kmooganf5@army.mil,23,2021-01-06,0
547,8,apowleslandf6@archive.org,8,2021-04-25,0
548,7,jbanfieldf7@wisc.edu,44,2021-01-19,0
549,9,cwastallf8@scribd.com,15,2021-02-18,0
550,8,sristf9@so-net.ne.jp,17,2021-03-25,0
551,3,rgillibrandfa@apache.org,35,2021-03-17,0
552,4,ofassmannfb@tinypic.com,14,2021-04-24,0
553,7,nspawtonfc@house.gov,36,2021-01-07,0
554,9,hcreiganfd@mapquest.com,40,2021-04-26,0
555,5,tsherebrookefe@php.net,24,2021-01-20,0
556,3,drewff@phoca.cz,38,2021-01-09,0
557,3,awegenerfg@imgur.com,8,2021-01-13,0
558,8,ncastledinefh@wiley.com,18,2021-04-12,0
559,10,egodinfi@boston.com,48,2021-03-13,0
560,3,xbeavingtonfj@marketwatch.com,28,2021-02-24,0
561,1,dheppenspallfk@salon.com,2,2021-01-13,0
562,8,ipalatinofl@telegraph.co.uk,42,2021-02-04,0
563,9,mmarringtonfm@infoseek.co.jp,17,2021-02-17,0
564,10,grownfn@twitpic.com,36,2021-01-01,0
565,2,droylancefo@marriott.com,12,2021-03-29,0
566,7,hshrubsallfp@xrea.com,16,2021-03-16,0
567,4,kroccofq@rakuten.co.jp,5,2021-01-16,0
568,7,ekeunefr@ow.ly,15,2021-03-21,0
569,1,lpechanfs@lulu.com,10,2021-03-08,0
570,3,pfellowsft@ft.com,43,2021-05-08,0
571,4,scrosettifu@hp.com,40,2021-03-07,0
572,6,dheadleyfv@feedburner.com,42,2021-01-01,0
573,4,clefebrefw@liveinternet.ru,37,2021-03-11,0
574,10,kbrecknellfx@odnoklassniki.ru,35,2021-05-02,0
575,3,ebramblefy@patch.com,48,2021-02-27,0
576,1,ufassonfz@usgs.gov,46,2021-01-01,0
577,7,dweing0@netlog.com,48,2021-02-18,0
578,7,rmccrackeng1@wikispaces.com,35,2021-03-30,0
579,4,dfrischg2@netscape.com,11,2021-02-01,0
580,6,rdriesg3@people.com.cn,35,2021-02-05,0
581,10,dsignoreg4@baidu.com,34,2021-04-23,0
582,4,kburrettg5@w3.org,17,2021-04-05,0
583,4,arawoodg6@ucsd.edu,15,2021-03-10,0
584,6,dgallimoreg7@yolasite.com,42,2021-01-06,0
585,8,fgreeneg8@illinois.edu,40,2021-05-04,0
586,10,nspaduzzag9@tmall.com,33,2021-04-21,0
587,7,hfuentezga@fema.gov,39,2021-03-19,0
588,4,msammonsgb@hc360.com,35,2021-05-08,0
589,2,jrockallgc@google.it,43,2021-02-12,0
590,2,rjolingd@icio.us,6,2021-01-06,0
591,4,jnortunenge@cnn.com,1,2021-03-10,0
592,2,nbladdergf@devhub.com,20,2021-02-26,0
593,5,hcoultergg@economist.com,25,2021-03-30,0
594,10,sgoldengh@arstechnica.com,49,2021-04-29,0
595,7,pdreschegi@scientificamerican.com,48,2021-01-02,0
596,3,smilliongj@vk.com,11,2021-04-13,0
597,1,bmcvicargk@globo.com,13,2021-02-12,0
598,3,jroslinggl@geocities.jp,11,2021-04-23,0
599,4,sramsbothamgm@twitpic.com,28,2021-02-23,0
600,7,kgobourngn@prlog.org,29,2021-03-25,0
601,10,rlathayego@uiuc.edu,28,2021-01-09,0
602,7,amckeowongp@noaa.gov,26,2021-01-20,0
603,7,upirazzigq@de.vu,24,2021-01-03,0
604,4,thutchesongr@cyberchimps.com,47,2021-01-08,0
605,3,tbarwoodgs@symantec.com,31,2021-02-25,0
606,1,vhouricangt@simplemachines.org,48,2021-02-22,0
607,6,tpletgu@sohu.com,41,2021-01-18,0
608,6,dcallcottgv@imdb.com,14,2021-01-13,0
609,3,wbrockwaygw@bandcamp.com,4,2021-01-09,0
610,1,lbrawleygx@vimeo.com,17,2021-03-03,0
611,6,twynessgy@1688.com,41,2021-01-02,0
612,3,wpashbeegz@spotify.com,44,2021-04-21,0
613,2,ebrienth0@mit.edu,16,2021-03-15,0
614,4,kromneyh1@usa.gov,9,2021-03-03,0
615,5,nthomassinh2@github.com,1,2021-03-20,0
616,1,kgetcliffh3@issuu.com,39,2021-03-13,0
617,7,bperkinh4@google.nl,40,2021-03-31,0
618,3,chammanh5@chronoengine.com,19,2021-04-16,0
619,10,cmalkinsonh6@i2i.jp,37,2021-04-12,0
620,10,mnickolsh7@youtu.be,28,2021-03-13,0
621,8,nsweatmanh8@sogou.com,15,2021-04-24,0
622,8,saldamh9@tripod.com,29,2021-02-23,0
623,1,smccueha@a8.net,5,2021-03-14,0
624,10,alyddiardhb@bizjournals.com,6,2021-03-22,0
625,8,hserchwellhc@miibeian.gov.cn,13,2021-04-19,0
626,1,swhalhd@apple.com,42,2021-02-01,0
627,9,henstenhe@go.com,3,2021-01-11,0
628,2,edalyellhf@netvibes.com,24,2021-03-14,0
629,4,scattemullhg@home.pl,23,2021-02-18,0
630,8,ypettigrewhh@virginia.edu,47,2021-02-22,0
631,1,shamnerhi@furl.net,36,2021-01-02,0
632,7,hsmailshj@ca.gov,2,2021-05-06,0
633,6,lshillingtonhk@guardian.co.uk,29,2021-05-07,0
634,1,mlaurischhl@wikipedia.org,36,2021-02-13,0
635,3,nperehm@friendfeed.com,40,2021-02-05,0
636,8,ugabbathn@tuttocitta.it,41,2021-01-21,0
637,10,gdeverho@cocolog-nifty.com,48,2021-01-21,0
638,5,tbriscamhp@ustream.tv,35,2021-01-21,0
639,3,sterbruggehq@w3.org,25,2021-03-17,0
640,6,nswynhr@ehow.com,13,2021-02-12,0
641,5,bolandhs@home.pl,4,2021-04-23,0
642,9,lghirardiht@youtu.be,8,2021-02-24,0
643,6,aleithhu@oracle.com,1,2021-02-05,0
644,4,nalanbrookehv@blog.com,42,2021-03-05,0
645,6,rkubasiewiczhw@sina.com.cn,14,2021-03-20,0
646,5,nguppeyhx@digg.com,28,2021-01-14,0
647,2,sdeningtonhy@t.co,38,2021-03-10,0
648,7,jfarrynhz@usda.gov,46,2021-01-28,0
649,9,ddusti0@jalbum.net,43,2021-01-02,0
650,2,tmackessocki1@artisteer.com,47,2021-03-12,0
651,8,ccusti2@photobucket.com,19,2021-02-01,0
652,7,ldohmsi3@wp.com,22,2021-02-23,0
653,4,rdobyi4@un.org,18,2021-01-25,0
654,10,cgillivriei5@rakuten.co.jp,7,2021-03-23,0
655,1,pkirimaai6@goo.gl,27,2021-01-02,0
656,10,sfideleri7@elpais.com,32,2021-04-23,0
657,6,fdanseyi8@acquirethisname.com,29,2021-02-19,0
658,8,stethacoti9@upenn.edu,19,2021-01-28,0
659,4,tduchasteauia@gizmodo.com,7,2021-04-23,0
660,10,hconstanceib@amazon.de,24,2021-04-19,0
661,6,mdelmonteic@ibm.com,6,2021-01-02,0
662,6,fsielyid@webeden.co.uk,46,2021-02-17,0
663,6,jllewellenie@imageshack.us,14,2021-02-19,0
664,5,sgeekieif@tinypic.com,36,2021-01-28,0
665,2,tbagniukig@wunderground.com,8,2021-01-30,0
666,10,fbecceraih@hao123.com,29,2021-01-22,0
667,2,hgelletlyii@wsj.com,40,2021-03-19,0
668,9,mskitralij@sbwire.com,14,2021-03-18,0
669,4,gdaunterik@dropbox.com,43,2021-04-29,0
670,10,rginnallyil@amazon.de,7,2021-04-17,0
671,5,sschimankim@epa.gov,23,2021-05-01,0
672,4,kghidiniin@irs.gov,9,2021-02-24,0
673,2,uleathamio@nba.com,37,2021-01-26,0
674,6,sparkynip@marriott.com,47,2021-03-19,0
675,6,wpepiiq@noaa.gov,38,2021-01-30,0
676,1,apozerir@icio.us,6,2021-02-13,0
677,8,speadis@tiny.cc,12,2021-04-24,0
678,1,cphareit@admin.ch,39,2021-01-22,0
679,8,jseifiu@seattletimes.com,44,2021-01-17,0
680,3,alanchesteriv@rambler.ru,46,2021-04-18,0
681,6,kbarstowiw@imgur.com,2,2021-04-14,0
682,7,tskakunasix@clickbank.net,49,2021-01-11,0
683,2,tlurcockiy@netlog.com,5,2021-04-30,0
684,10,tbedberryiz@reverbnation.com,9,2021-04-15,0
685,2,jtinemanj0@mayoclinic.com,12,2021-02-08,0
686,7,caleshintsevj1@hp.com,36,2021-01-28,0
687,8,aedlynej2@technorati.com,44,2021-01-22,0
688,2,tglentonj3@issuu.com,32,2021-04-20,0
689,7,tmarrej4@google.com.au,23,2021-01-01,0
690,1,lstollenbergj5@reuters.com,46,2021-02-21,0
691,4,ddesousaj6@diigo.com,9,2021-04-15,0
692,1,bmylchreestj7@linkedin.com,20,2021-01-21,0
693,5,kalenovj8@zdnet.com,23,2021-02-11,0
694,6,fbouldstridgej9@elpais.com,10,2021-01-01,0
695,10,hmclagganja@mapquest.com,1,2021-04-25,0
696,3,omcclementsjb@alexa.com,43,2021-05-04,0
697,1,wguisojc@lycos.com,14,2021-02-26,0
698,7,jcastillejd@google.cn,9,2021-02-06,0
699,3,trosielloje@sfgate.com,21,2021-02-06,0
700,1,wstyantjf@tuttocitta.it,33,2021-02-15,0
701,10,cfetteplacejg@seattletimes.com,40,2021-03-29,0
702,4,asarchjh@photobucket.com,48,2021-03-15,0
703,3,dfearneyji@alibaba.com,46,2021-04-25,0
704,5,cmorforthjj@quantcast.com,36,2021-03-31,0
705,2,qebunoluwajk@discuz.net,26,2021-01-21,0
706,9,ldominguesjl@guardian.co.uk,31,2021-04-03,0
707,1,bgraeserjm@biblegateway.com,16,2021-04-24,0
708,9,lbrahamsjn@cyberchimps.com,27,2021-04-17,0
709,5,aclimerjo@cmu.edu,5,2021-03-08,0
710,4,ddanilchevjp@fc2.com,22,2021-03-01,0
711,5,cpennielljq@altervista.org,9,2021-04-09,0
712,6,aproctorjr@acquirethisname.com,1,2021-04-02,0
713,10,mbarringerjs@diigo.com,17,2021-04-16,0
714,10,hnazarethjt@discuz.net,42,2021-05-10,0
715,4,cmacgebenayju@bbb.org,36,2021-02-16,0
716,3,mposenjv@yellowbook.com,27,2021-04-09,0
717,3,cwoloschinjw@dmoz.org,29,2021-04-09,0
718,7,enisejx@msn.com,48,2021-04-07,0
719,8,jluxfordjy@ucoz.com,18,2021-04-18,0
720,10,sackhurstjz@guardian.co.uk,44,2021-03-06,0
721,5,icarlemank0@admin.ch,7,2021-02-16,0
722,1,bparkeyk1@marketwatch.com,9,2021-03-22,0
723,9,ecoomesk2@scientificamerican.com,26,2021-04-27,0
724,3,roswickk3@mayoclinic.com,7,2021-04-17,0
725,4,msheak4@hc360.com,41,2021-03-07,0
726,4,lstapelek5@domainmarket.com,17,2021-03-25,0
727,3,eszabok6@noaa.gov,12,2021-04-02,0
728,4,cthornberk7@instagram.com,3,2021-04-03,0
729,8,mcamockek8@nationalgeographic.com,42,2021-01-05,0
730,3,sdionsettik9@nbcnews.com,43,2021-03-18,0
731,10,tstrowgerka@amazon.com,22,2021-03-20,0
732,6,isansunkb@live.com,43,2021-04-20,0
733,3,bharsumkc@xing.com,14,2021-01-07,0
734,4,jkinkerkd@unicef.org,14,2021-03-13,0
735,9,cstopperke@feedburner.com,29,2021-01-24,0
736,4,kduckwithkf@163.com,33,2021-01-10,0
737,5,cdrezzerkg@yellowbook.com,9,2021-01-14,0
738,5,epenrithkh@yelp.com,15,2021-03-06,0
739,6,hbaumeki@huffingtonpost.com,46,2021-02-02,0
740,6,hgoneaukj@yahoo.com,31,2021-02-16,0
741,7,emollattkk@shutterfly.com,40,2021-01-30,0
742,3,gbeeswingkl@nationalgeographic.com,49,2021-03-07,0
743,1,aburnhardkm@sbwire.com,37,2021-03-03,0
744,5,mtorrisikn@php.net,31,2021-05-03,0
745,4,dbeaverko@comsenz.com,38,2021-01-27,0
746,1,acramondkp@yandex.ru,17,2021-04-19,0
747,8,mvicarkq@networksolutions.com,39,2021-02-27,0
748,9,cdallicoatkr@com.com,22,2021-01-15,0
749,8,rdafforneks@state.gov,37,2021-03-29,0
750,7,iwiddicombekt@techcrunch.com,45,2021-02-22,0
751,9,olauderdaleku@liveinternet.ru,35,2021-03-13,0
752,1,btschiersekv@spiegel.de,12,2021-02-08,0
753,4,asuttellkw@ocn.ne.jp,17,2021-04-16,0
754,3,cmacleankx@nytimes.com,13,2021-02-08,0
755,2,anecoldsky@taobao.com,16,2021-02-01,0
756,1,zcortezkz@drupal.org,8,2021-04-07,0
757,6,cstilgol0@amazon.co.jp,24,2021-01-23,0
758,3,agorwoodl1@oakley.com,44,2021-01-13,0
759,10,charcel2@jimdo.com,33,2021-03-11,0
760,3,hronaynel3@state.gov,8,2021-03-04,0
761,7,kwrethaml4@google.ru,27,2021-05-06,0
762,8,wdumphriesl5@nps.gov,40,2021-02-19,0
763,1,ecafel6@cafepress.com,45,2021-01-06,0
764,2,kcasterotl7@va.gov,44,2021-02-13,0
765,8,jpittfordl8@apple.com,3,2021-04-04,0
766,6,agritlandl9@mozilla.org,37,2021-04-08,0
767,7,mchurchleyla@hostgator.com,36,2021-04-11,0
768,6,fbertsonlb@mashable.com,19,2021-04-03,0
769,8,adeerylc@altervista.org,5,2021-01-08,0
770,6,zbischopld@state.gov,32,2021-05-02,0
771,6,imottenle@pinterest.com,47,2021-03-20,0
772,4,smcshirrielf@smugmug.com,15,2021-03-11,0
773,6,bdominighilg@arizona.edu,3,2021-05-03,0
774,7,tdepietrilh@cdbaby.com,19,2021-04-13,0
775,9,tplanqueli@archive.org,2,2021-04-07,0
776,9,dgormleylj@google.co.jp,19,2021-04-29,0
777,7,mrowleslk@mac.com,45,2021-03-12,0
778,10,fpieteschll@comsenz.com,46,2021-03-29,0
779,1,snapierlm@spiegel.de,16,2021-04-20,0
780,9,ldalziellln@google.co.uk,46,2021-01-27,0
781,4,aoxherdlo@phpbb.com,46,2021-01-27,0
782,2,dstrathdeelp@privacy.gov.au,30,2021-01-12,0
783,7,rbrightmanlq@cafepress.com,4,2021-03-29,0
784,6,rleverentzlr@so-net.ne.jp,39,2021-02-18,0
785,2,mmackiesonls@techcrunch.com,17,2021-01-30,0
786,2,hdenylt@hao123.com,2,2021-03-09,0
787,2,spetyankinlu@marketwatch.com,46,2021-03-13,0
788,8,mgabbottlv@quantcast.com,7,2021-04-14,0
789,9,aprangnelllw@mit.edu,10,2021-04-30,0
790,10,tzavittierilx@dot.gov,40,2021-01-13,0
791,8,kstonefewingsly@marriott.com,5,2021-01-16,0
792,7,mcopinlz@shop-pro.jp,43,2021-03-19,0
793,2,tlucm0@google.es,16,2021-02-14,0
794,3,dclaxtonm1@goo.ne.jp,2,2021-01-17,0
795,8,csemechikm2@senate.gov,19,2021-03-31,0
796,1,fpablom3@vinaora.com,1,2021-02-08,0
797,2,bwhiteleym4@live.com,44,2021-02-19,0
798,2,tpapaminasm5@baidu.com,15,2021-01-14,0
799,9,bkieram6@goo.ne.jp,5,2021-02-27,0
800,4,gmoodiem7@51.la,11,2021-01-01,0
801,9,tgoodramm8@wikimedia.org,22,2021-01-26,0
802,3,agrindallm9@tinyurl.com,43,2021-04-18,0
803,2,bbowkleyma@cam.ac.uk,3,2021-03-04,0
804,10,lmckeownmb@blinklist.com,48,2021-02-22,0
805,4,gfavelmc@theglobeandmail.com,29,2021-03-16,0
806,6,wmedinamd@squidoo.com,47,2021-04-25,0
807,8,jraysdaleme@ted.com,1,2021-03-14,0
808,9,lgrimesmf@etsy.com,22,2021-03-31,0
809,7,jzollnermg@tumblr.com,27,2021-03-11,0
810,1,rkryskamh@yandex.ru,11,2021-03-10,0
811,10,tblackallermi@flavors.me,38,2021-03-20,0
812,3,bgurnettmj@mac.com,36,2021-02-24,0
813,5,apedrollomk@sohu.com,10,2021-03-29,0
814,8,ldeverehuntml@soup.io,6,2021-02-27,0
815,2,anorresmm@clickbank.net,19,2021-02-28,0
816,3,cwherrettmn@ustream.tv,46,2021-03-19,0
817,7,tparkmanmo@npr.org,28,2021-01-05,0
818,5,dhowmp@mozilla.com,38,2021-01-02,0
819,6,bfrewmq@dedecms.com,1,2021-02-07,0
820,2,hforrestmr@disqus.com,45,2021-05-04,0
821,5,fclayhillms@friendfeed.com,5,2021-03-08,0
822,9,minkermt@europa.eu,45,2021-05-03,0
823,9,eteallmu@pagesperso-orange.fr,46,2021-02-15,0
824,5,hguillondmv@constantcontact.com,3,2021-04-08,0
825,1,wsatterlymw@histats.com,4,2021-01-15,0
826,8,cclawsonmx@cmu.edu,45,2021-05-08,0
827,6,zmacgrathmy@omniture.com,41,2021-02-17,0
828,2,tbrusbymz@youtu.be,45,2021-04-19,0
829,2,beneasn0@linkedin.com,44,2021-04-12,0
830,4,cwlochn1@1und1.de,48,2021-01-02,0
831,2,fmuckersien2@macromedia.com,31,2021-02-09,0
832,9,arablenn3@bbb.org,46,2021-01-16,0
833,3,ecason4@apple.com,19,2021-04-19,0
834,10,aovershottn5@fastcompany.com,38,2021-04-18,0
835,8,msawoodn6@surveymonkey.com,45,2021-01-14,0
836,5,aebbagen7@sbwire.com,25,2021-04-26,0
837,8,mgowern8@wordpress.com,17,2021-03-01,0
838,2,rwinsleyn9@admin.ch,41,2021-01-24,0
839,9,ttibbettsna@apple.com,29,2021-02-03,0
840,4,crichternb@state.tx.us,23,2021-05-02,0
841,10,lwinknc@dagondesign.com,2,2021-04-16,0
842,1,dferedaynd@ebay.com,16,2021-04-12,0
843,1,dkarpushkinne@e-recht24.de,29,2021-01-13,0
844,6,tlaidlawnf@paginegialle.it,28,2021-03-04,0
845,8,ctreasadenng@digg.com,47,2021-02-10,0
846,2,fgoulternh@ft.com,19,2021-02-18,0
847,6,khackneyni@i2i.jp,21,2021-01-13,0
848,9,havonnj@slate.com,26,2021-05-01,0
849,9,jklessmannnk@unicef.org,4,2021-02-12,0
850,8,kmarquetnl@canalblog.com,17,2021-03-15,0
851,5,gdoolannm@deviantart.com,11,2021-04-02,0
852,8,ykrebernn@amazon.co.uk,41,2021-02-28,0
853,9,awortmanno@stumbleupon.com,39,2021-01-01,0
854,3,bwhalesnp@baidu.com,8,2021-03-20,0
855,6,lcrassnq@nbcnews.com,12,2021-05-01,0
856,5,jsavillenr@youtu.be,13,2021-02-08,0
857,3,wingallns@so-net.ne.jp,34,2021-04-14,0
858,3,lmerveillent@irs.gov,8,2021-03-14,0
859,4,mtizzardnu@privacy.gov.au,24,2021-04-05,0
860,8,kbiddellnv@moonfruit.com,12,2021-04-19,0
861,7,ogildernw@ow.ly,26,2021-05-09,0
862,6,djebbnx@theatlantic.com,15,2021-02-15,0
863,4,pblakestonny@domainmarket.com,37,2021-04-15,0
864,1,jgrundellnz@techcrunch.com,34,2021-03-11,0
865,10,vreedyhougho0@blogger.com,8,2021-01-05,0
866,3,mlacroutso1@fotki.com,21,2021-03-20,0
867,4,lcuthillo2@imgur.com,34,2021-04-07,0
868,5,cpykermano3@cpanel.net,1,2021-02-21,0
869,10,fgooldingo4@scientificamerican.com,37,2021-02-26,0
870,9,nerratto5@forbes.com,49,2021-01-18,0
871,7,fburgyno6@chronoengine.com,24,2021-03-30,0
872,2,htrumbleo7@woothemes.com,25,2021-02-22,0
873,7,ddurringtono8@dyndns.org,18,2021-01-24,0
874,5,mnorquayo9@rambler.ru,43,2021-02-12,0
875,6,lburyoa@chicagotribune.com,46,2021-04-10,0
876,2,kretallickob@qq.com,23,2021-05-03,0
877,8,jjacqueminotoc@latimes.com,12,2021-02-11,0
878,3,hbrehautod@nymag.com,12,2021-04-25,0
879,4,jgillbanksoe@phoca.cz,9,2021-01-11,0
880,4,ajanotaof@gov.uk,4,2021-04-21,0
881,10,dcelandog@1688.com,33,2021-04-29,0
882,9,ptroueloh@creativecommons.org,12,2021-04-07,0
883,5,lchickenoi@eepurl.com,11,2021-01-22,0
884,1,rankersoj@wikipedia.org,41,2021-03-05,0
885,9,jhanscomeok@wordpress.com,34,2021-03-10,0
886,8,dhatchellol@vk.com,25,2021-02-20,0
887,8,ddrieuom@wikipedia.org,47,2021-02-27,0
888,9,mchristolon@usa.gov,40,2021-04-28,0
889,7,nvenneroo@bloomberg.com,9,2021-04-18,0
890,5,mlacknerop@google.de,27,2021-04-11,0
891,10,lparadisoq@slate.com,2,2021-02-28,0
892,4,ngreydonor@archive.org,29,2021-01-14,0
893,8,gferneyhoughos@drupal.org,16,2021-04-12,0
894,1,mgatrillot@ibm.com,1,2021-02-06,0
895,1,mnutkinsou@163.com,42,2021-02-15,0
896,1,phaburneov@ucsd.edu,38,2021-01-09,0
897,8,okleintow@yandex.ru,46,2021-04-29,0
898,5,amackeigox@ycombinator.com,46,2021-03-17,0
899,8,schannonoy@ow.ly,47,2021-02-26,0
900,8,foaktonoz@discuz.net,13,2021-04-09,0
901,3,mhassettp0@sogou.com,28,2021-01-24,0
902,3,cfoundsp1@macromedia.com,7,2021-04-16,0
903,2,drosenblump2@barnesandnoble.com,35,2021-01-24,0
904,3,jmeadmorep3@alexa.com,48,2021-04-03,0
905,5,kpeggsp4@engadget.com,9,2021-01-22,0
906,1,rgainfortp5@utexas.edu,12,2021-02-23,0
907,1,mrollittp6@abc.net.au,42,2021-02-16,0
908,1,hgullyp7@shareasale.com,20,2021-04-10,0
909,2,cstorryp8@amazon.co.jp,31,2021-02-28,0
910,3,rdowthwaitep9@deliciousdays.com,38,2021-03-17,0
911,6,jbracegirdlepa@creativecommons.org,38,2021-02-13,0
912,9,dbexleypb@wunderground.com,42,2021-02-09,0
913,9,ohuikerbypc@slideshare.net,8,2021-04-18,0
914,6,jlackemannpd@google.ru,21,2021-02-21,0
915,6,lfontelpe@theguardian.com,15,2021-05-02,0
916,1,ggoncalopf@indiatimes.com,6,2021-02-20,0
917,7,nmahaddiepg@wikipedia.org,33,2021-01-15,0
918,9,sthurlbeckph@stanford.edu,21,2021-03-18,0
919,3,cjordanpi@marriott.com,26,2021-01-10,0
920,9,jbulledpj@un.org,46,2021-02-04,0
921,10,cshawepk@imgur.com,27,2021-01-07,0
922,7,rdeblepl@canalblog.com,36,2021-03-23,0
923,9,aclemonpm@mozilla.com,36,2021-02-07,0
924,2,lhulancepn@google.ca,43,2021-03-28,0
925,9,sblissittpo@blinklist.com,36,2021-03-20,0
926,1,hpyfordpp@ebay.co.uk,2,2021-05-04,0
927,7,bvergopq@techcrunch.com,17,2021-01-19,0
928,5,lchallenpr@ucoz.com,18,2021-04-23,0
929,4,smyrickps@auda.org.au,24,2021-05-10,0
930,10,mclendinningpt@va.gov,46,2021-02-06,0
931,7,memmittpu@illinois.edu,32,2021-01-07,0
932,1,floughreypv@trellian.com,31,2021-03-30,0
933,10,jmoggiepw@yahoo.co.jp,16,2021-02-05,0
934,6,dbridgerpx@gmpg.org,41,2021-03-10,0
935,7,srosseypy@linkedin.com,1,2021-01-13,0
936,2,iconcklinpz@senate.gov,25,2021-02-23,0
937,3,esowmanq0@sogou.com,24,2021-04-16,0
938,2,drizzielloq1@kickstarter.com,15,2021-02-23,0
939,1,nwedmoreq2@ed.gov,37,2021-04-15,0
940,2,ishillitoeq3@aboutads.info,31,2021-01-11,0
941,10,mmonkleyq4@hao123.com,26,2021-04-25,0
942,1,hburfittq5@devhub.com,35,2021-02-01,0
943,9,rbulmanq6@webmd.com,27,2021-04-30,0
944,4,dtomensonq7@auda.org.au,41,2021-04-19,0
945,10,nbaglinq8@cam.ac.uk,10,2021-04-18,0
946,9,ktinerq9@java.com,12,2021-02-09,0
947,9,psilversmidqa@edublogs.org,9,2021-04-21,0
948,6,nevelingqb@slideshare.net,13,2021-03-20,0
949,1,ndaymontqc@devhub.com,41,2021-01-17,0
950,6,sfatharlyqd@mit.edu,48,2021-01-19,0
951,7,cdummettqe@wufoo.com,41,2021-04-26,0
952,10,bfaustianqf@delicious.com,27,2021-03-14,0
953,2,bwickardtqg@icq.com,5,2021-01-24,0
954,8,lpastorqh@state.gov,2,2021-01-18,0
955,9,aboddieqi@pagesperso-orange.fr,12,2021-02-12,0
956,6,mbrotherhedqj@ifeng.com,47,2021-04-30,0
957,8,fwitardqk@aol.com,5,2021-04-14,0
958,10,kbreadonql@exblog.jp,35,2021-04-17,0
959,6,bladenqm@friendfeed.com,3,2021-02-28,0
960,5,cguitelqn@stumbleupon.com,15,2021-01-15,0
961,6,emaryqo@unesco.org,29,2021-02-16,0
962,8,cconnochieqp@imageshack.us,4,2021-04-11,0
963,10,baucockqq@squarespace.com,25,2021-03-16,0
964,4,wpontonqr@behance.net,21,2021-05-10,0
965,5,rmahonqs@hhs.gov,19,2021-02-13,0
966,3,gsyneqt@nature.com,21,2021-01-02,0
967,9,sfrossellqu@flickr.com,48,2021-01-10,0
968,7,ibridgenqv@1und1.de,32,2021-03-19,0
969,7,thammantqw@irs.gov,48,2021-04-29,0
970,7,soronanqx@ucoz.com,37,2021-04-18,0
971,2,akeverenqy@mac.com,38,2021-02-03,0
972,3,ahueyqz@upenn.edu,50,2021-02-05,0
973,4,cclaydonr0@home.pl,28,2021-05-04,0
974,5,rbowler1@ihg.com,47,2021-02-28,0
975,1,lsadryr2@unicef.org,30,2021-04-30,0
976,1,rslaneyr3@wikispaces.com,25,2021-03-08,0
977,5,dcordovar4@sun.com,11,2021-03-30,0
978,6,sfyersr5@salon.com,12,2021-02-18,0
979,2,tmaudsleyr6@mashable.com,37,2021-03-18,0
980,7,rcurmer7@issuu.com,39,2021-03-09,0
981,2,okasbyer8@google.com.hk,43,2021-02-17,0
982,4,hcissonr9@shareasale.com,1,2021-02-26,0
983,10,dpriestleyra@umich.edu,47,2021-02-18,0
984,1,amaylamrb@nsw.gov.au,13,2021-04-01,0
985,7,rwanellrc@nba.com,47,2021-04-03,0
986,5,rscaddenrd@redcross.org,39,2021-01-26,0
987,7,jlunnonre@wordpress.org,33,2021-04-24,0
988,9,cgurdonrf@si.edu,40,2021-02-28,0
989,6,keasomrg@state.tx.us,14,2021-01-06,0
990,7,grodellrh@kickstarter.com,21,2021-01-17,0
991,10,smanhoodri@cloudflare.com,16,2021-04-25,0
992,9,lnutteyrj@pagesperso-orange.fr,43,2021-04-04,0
993,9,paddessrk@elegantthemes.com,41,2021-02-03,0
994,9,oeisakrl@list-manage.com,10,2021-01-31,0
995,8,yisakowiczrm@wufoo.com,23,2021-01-06,0
996,2,bvedyashkinrn@sina.com.cn,49,2021-05-03,0
997,9,mwickhamro@cargocollective.com,11,2021-01-12,0
998,4,dstookrp@statcounter.com,24,2021-03-15,0
999,7,atandeyrq@ebay.co.uk,1,2021-04-09,0
1000,9,lmaudettrr@google.co.uk,4,2021-04-20,0
